<?xml version="1.0" encoding="UTF-8"?>
<GenRun Id="impl_1" LaunchPart="xc7z020clg484-1" LaunchTime="1760871039">
  <File Type="REPORTS-TCL" Name="voting_fpga_reports.tcl"/>
  <File Type="ROUTE-PWR-SUM" Name="voting_fpga_power_summary_routed.pb"/>
  <File Type="BITSTR-MMI" Name="voting_fpga.mmi"/>
  <File Type="OPT-DRC" Name="voting_fpga_drc_opted.rpt"/>
  <File Type="BG-DRC" Name="voting_fpga.drc"/>
  <File Type="ROUTE-STATUS-PB" Name="voting_fpga_route_status.pb"/>
  <File Type="BG-BGN" Name="voting_fpga.bgn"/>
  <File Type="PLACE-UTIL" Name="voting_fpga_utilization_placed.rpt"/>
  <File Type="PLACE-UTIL-PB" Name="voting_fpga_utilization_placed.pb"/>
  <File Type="PLACE-IO" Name="voting_fpga_io_placed.rpt"/>
  <File Type="BG-BIN" Name="voting_fpga.bin"/>
  <File Type="PLACE-CTRL" Name="voting_fpga_control_sets_placed.rpt"/>
  <File Type="ROUTE-PWR-RPX" Name="voting_fpga_power_routed.rpx"/>
  <File Type="BITSTR-MSK" Name="voting_fpga.msk"/>
  <File Type="BITSTR-RBT" Name="voting_fpga.rbt"/>
  <File Type="ROUTE-TIMINGSUMMARY" Name="voting_fpga_timing_summary_routed.rpt"/>
  <File Type="ROUTE-TIMING-RPX" Name="voting_fpga_timing_summary_routed.rpx"/>
  <File Type="ROUTE-STATUS" Name="voting_fpga_route_status.rpt"/>
  <File Type="PA-TCL" Name="voting_fpga.tcl"/>
  <File Type="ROUTE-PWR" Name="voting_fpga_power_routed.rpt"/>
  <File Type="ROUTE-DRC" Name="voting_fpga_drc_routed.rpt"/>
  <File Type="ROUTE-DRC-RPX" Name="voting_fpga_drc_routed.rpx"/>
  <File Type="ROUTE-DRC-PB" Name="voting_fpga_drc_routed.pb"/>
  <File Type="BITSTR-SYSDEF" Name="voting_fpga.sysdef"/>
  <File Type="ROUTE-METHODOLOGY-DRC" Name="voting_fpga_methodology_drc_routed.rpt"/>
  <File Type="ROUTE-METHODOLOGY-DRC-RPX" Name="voting_fpga_methodology_drc_routed.rpx"/>
  <File Type="BITSTR-LTX" Name="debug_nets.ltx"/>
  <File Type="BITSTR-LTX" Name="voting_fpga.ltx"/>
  <File Type="ROUTE-METHODOLOGY-DRC-PB" Name="voting_fpga_methodology_drc_routed.pb"/>
  <File Type="ROUTE-SIMILARITY" Name="voting_fpga_incremental_reuse_routed.rpt"/>
  <File Type="RDI-RDI" Name="voting_fpga.vdi"/>
  <File Type="ROUTE-CLK" Name="voting_fpga_clock_utilization_routed.rpt"/>
  <File Type="PA-DCP" Name="voting_fpga.dcp"/>
  <File Type="ROUTE-BUS-SKEW" Name="voting_fpga_bus_skew_routed.rpt"/>
  <File Type="ROUTE-BUS-SKEW-RPX" Name="voting_fpga_bus_skew_routed.rpx"/>
  <File Type="ROUTE-BUS-SKEW-PB" Name="voting_fpga_bus_skew_routed.pb"/>
  <File Type="POSTROUTE-PHYSOPT-TIMING" Name="voting_fpga_timing_summary_postroute_physopted.rpt"/>
  <File Type="POSTROUTE-PHYSOPT-TIMING-RPX" Name="voting_fpga_timing_summary_postroute_physopted.rpx"/>
  <File Type="POSTROUTE-PHYSOPT-TIMING-PB" Name="voting_fpga_timing_summary_postroute_physopted.pb"/>
  <File Type="POSTROUTE-PHYSOPT-BUS-SKEW" Name="voting_fpga_bus_skew_postroute_physopted.rpt"/>
  <File Type="POSTROUTE-PHYSOPT-BUS-SKEW-RPX" Name="voting_fpga_bus_skew_postroute_physopted.rpx"/>
  <File Type="BG-BIT" Name="voting_fpga.bit"/>
  <File Type="POSTROUTE-PHYSOPT-BUS-SKEW-PB" Name="voting_fpga_bus_skew_postroute_physopted.pb"/>
  <File Type="BITSTR-NKY" Name="voting_fpga.nky"/>
  <File Type="BITSTR-BMM" Name="voting_fpga_bd.bmm"/>
  <File Type="WBT-USG" Name="usage_statistics_webtalk.html"/>
  <File Type="OPT-HWDEF" Name="voting_fpga.hwdef"/>
  <File Type="PLACE-PRE-SIMILARITY" Name="voting_fpga_incremental_reuse_pre_placed.rpt"/>
  <File Type="ROUTE-DCP" Name="voting_fpga_routed.dcp"/>
  <File Type="ROUTE-ERROR-DCP" Name="voting_fpga_routed_error.dcp"/>
  <File Type="ROUTE-BLACKBOX-DCP" Name="voting_fpga_routed_bb.dcp"/>
  <File Type="ROUTE-TIMING-PB" Name="voting_fpga_timing_summary_routed.pb"/>
  <File Type="OPT-DCP" Name="voting_fpga_opt.dcp"/>
  <File Type="PLACE-DCP" Name="voting_fpga_placed.dcp"/>
  <File Type="PWROPT-DCP" Name="voting_fpga_pwropt.dcp"/>
  <File Type="POSTPLACE-PWROPT-DCP" Name="voting_fpga_postplace_pwropt.dcp"/>
  <File Type="PHYSOPT-DCP" Name="voting_fpga_physopt.dcp"/>
  <File Type="POSTROUTE-PHYSOPT-DCP" Name="voting_fpga_postroute_physopt.dcp"/>
  <File Type="POSTROUTE-PHYSOPT-BLACKBOX-DCP" Name="voting_fpga_postroute_physopt_bb.dcp"/>
  <File Type="PDI-FILE" Name="voting_fpga.pdi"/>
  <File Type="BOOT-PDI-FILE" Name="voting_fpga_boot.pdi"/>
  <File Type="PL-PDI-FILE" Name="voting_fpga_pld.pdi"/>
  <File Type="RCFI_FILE" Name="voting_fpga.rcfi"/>
  <File Type="CFI_FILE" Name="voting_fpga.cfi"/>
  <File Type="RNPI_FILE" Name="voting_fpga.rnpi"/>
  <File Type="NPI_FILE" Name="voting_fpga.npi"/>
  <File Type="RBD_FILE" Name="voting_fpga.rbd"/>
  <File Type="ROUTE-RQS" Name="voting_fpga_routed.rqs"/>
  <File Type="POSTROUTE-PHYSOPT-RQS" Name="voting_fpga_postroute_physopted.rqs"/>
  <File Type="ROUTE-RQS-RPT" Name="route_report_qor_suggestions_0.rpt"/>
  <File Type="POSTROUTE-PHYSOPT-RQS-RPT" Name="postroute_physopt_report_qor_suggestions_0.rpt"/>
  <FileSet Name="sources" Type="DesignSrcs" RelSrcDir="$PSRCDIR/sources_1" RelGenDir="$PGENDIR/sources_1">
    <Filter Type="Srcs"/>
    <File Path="$PSRCDIR/sources_1/new/voting_fpga.v">
      <FileInfo>
        <Attr Name="UsedIn" Val="synthesis"/>
        <Attr Name="UsedIn" Val="implementation"/>
        <Attr Name="UsedIn" Val="simulation"/>
      </FileInfo>
    </File>
    <Config>
      <Option Name="DesignMode" Val="RTL"/>
      <Option Name="TopModule" Val="voting_fpga"/>
      <Option Name="TopAutoSet" Val="TRUE"/>
    </Config>
  </FileSet>
  <FileSet Name="constrs_in" Type="Constrs" RelSrcDir="$PSRCDIR/constrs_1" RelGenDir="$PGENDIR/constrs_1">
    <Filter Type="Constrs"/>
    <File Path="$PSRCDIR/constrs_1/new/timming.xdc">
      <FileInfo>
        <Attr Name="UsedIn" Val="synthesis"/>
        <Attr Name="UsedIn" Val="implementation"/>
      </FileInfo>
    </File>
    <Config>
      <Option Name="TargetConstrsFile" Val="$PSRCDIR/constrs_1/new/timming.xdc"/>
      <Option Name="ConstrsType" Val="XDC"/>
    </Config>
  </FileSet>
  <FileSet Name="utils" Type="Utils" RelSrcDir="$PSRCDIR/utils_1" RelGenDir="$PGENDIR/utils_1">
    <Filter Type="Utils"/>
    <File Path="$PSRCDIR/utils_1/imports/synth_1/voting_fpga.dcp">
      <FileInfo>
        <Attr Name="UsedIn" Val="synthesis"/>
        <Attr Name="UsedIn" Val="implementation"/>
        <Attr Name="UsedInSteps" Val="synth_1"/>
        <Attr Name="AutoDcp" Val="1"/>
      </FileInfo>
    </File>
    <Config>
      <Option Name="TopAutoSet" Val="TRUE"/>
    </Config>
  </FileSet>
  <Strategy Version="1" Minor="2">
    <StratHandle Name="Vivado Implementation Defaults" Flow="Vivado Implementation 2024"/>
    <Step Id="init_design"/>
    <Step Id="opt_design"/>
    <Step Id="power_opt_design"/>
    <Step Id="place_design"/>
    <Step Id="post_place_power_opt_design"/>
    <Step Id="phys_opt_design"/>
    <Step Id="route_design"/>
    <Step Id="post_route_phys_opt_design"/>
    <Step Id="write_bitstream"/>
    <Step Id="write_device_image"/>
  </Strategy>
</GenRun>
